date,brick_low,brick_high,direction,trend
2017-05-08,354.7040100097656,1670.7582634819878,up,1
2017-08-05,1670.7582634819878,2986.81251695421,up,2
2017-08-14,2986.8125169542095,4302.866770426432,up,3
2017-10-13,4302.866770426432,5618.921023898654,up,4
2017-11-02,5618.921023898654,6934.975277370877,up,5
2017-11-22,6934.975277370877,8251.0295308431,up,6
2017-11-27,8251.0295308431,9567.083784315322,up,7
2017-12-01,9567.083784315322,10883.138037787545,up,8
2017-12-06,10883.138037787545,12199.192291259767,up,9
2017-12-06,12199.192291259767,13515.24654473199,up,10
2017-12-07,13515.24654473199,14831.300798204213,up,11
2017-12-07,14831.300798204213,16147.355051676435,up,12
2017-12-07,16147.355051676434,17463.409305148656,up,13
2017-12-16,17463.409305148656,18779.46355862088,up,14
2017-12-21,16147.355051676434,17463.409305148656,down,1
2017-12-22,14831.30079820421,16147.355051676434,down,2
2017-12-30,13515.246544731988,14831.30079820421,down,3
2018-01-05,14831.30079820421,16147.355051676434,up,1
2018-01-06,16147.355051676434,17463.409305148656,up,2
2018-01-09,14831.30079820421,16147.355051676434,down,1
2018-01-11,13515.246544731988,14831.30079820421,down,2
2018-01-16,12199.192291259766,13515.246544731988,down,3
2018-01-23,10883.138037787543,12199.192291259766,down,4
2018-02-01,9567.08378431532,10883.138037787543,down,5
2018-02-05,8251.029530843098,9567.08378431532,down,6
2018-02-17,9567.08378431532,10883.138037787543,up,1
2018-03-17,8251.029530843098,9567.08378431532,down,6
2018-03-30,6934.975277370875,8251.029530843098,down,7
2018-04-24,8251.029530843098,9567.08378431532,up,1
2018-06-10,6934.975277370875,8251.029530843098,down,7
2018-11-16,5618.9210238986525,6934.975277370875,down,8
2018-11-24,4302.86677042643,5618.9210238986525,down,9
2019-05-11,5618.9210238986525,6934.975277370875,up,1
2019-05-26,6934.975277370875,8251.029530843098,up,2
2019-06-21,8251.029530843098,9567.08378431532,up,3
2019-06-24,9567.08378431532,10883.138037787543,up,4
2019-06-26,10883.138037787543,12199.192291259766,up,5
2019-07-16,9567.08378431532,10883.138037787543,down,1
2019-09-26,8251.029530843098,9567.08378431532,down,2
2019-12-16,6934.975277370875,8251.029530843098,down,3
2020-02-05,8251.029530843098,9567.08378431532,up,1
2020-03-12,6934.975277370875,8251.029530843098,down,1
2020-03-12,5618.9210238986525,6934.975277370875,down,2
2020-04-29,6934.975277370875,8251.029530843098,up,1
2020-05-07,8251.029530843098,9567.08378431532,up,2
2020-07-27,9567.08378431532,10883.138037787543,up,3
2020-08-17,10883.138037787543,12199.192291259766,up,4
2020-10-27,12199.192291259766,13515.246544731988,up,5
2020-11-05,13515.246544731988,14831.30079820421,up,6
2020-11-12,14831.30079820421,16147.355051676434,up,7
2020-11-17,16147.355051676434,17463.409305148656,up,8
2020-11-24,17463.409305148656,18779.46355862088,up,9
2020-12-16,18779.46355862088,20095.5178120931,up,10
2020-12-17,20095.5178120931,21411.572065565324,up,11
2020-12-17,21411.572065565324,22727.626319037547,up,12
2020-12-25,22727.626319037547,24043.68057250977,up,13
2020-12-26,24043.68057250977,25359.734825981992,up,14
2020-12-28,25359.734825981992,26675.789079454215,up,15
2020-12-30,26675.789079454215,27991.843332926437,up,16
2021-01-01,27991.843332926437,29307.89758639866,up,17
2021-01-02,29307.89758639866,30623.951839870882,up,18
2021-01-02,30623.951839870882,31940.006093343105,up,19
2021-01-05,31940.006093343105,33256.06034681533,up,20
2021-01-06,33256.06034681533,34572.11460028755,up,21
2021-01-06,34572.11460028755,35888.168853759766,up,22
2021-01-07,35888.168853759766,37204.223107231985,up,23
2021-01-07,37204.223107231985,38520.2773607042,up,24
2021-01-08,38520.2773607042,39836.33161417642,up,25
2021-01-11,37204.223107231985,38520.2773607042,down,1
2021-01-11,35888.168853759766,37204.223107231985,down,2
2021-01-12,34572.11460028755,35888.168853759766,down,3
2021-01-13,35888.168853759766,37204.223107231985,up,1
2021-01-14,37204.223107231985,38520.2773607042,up,2
2021-01-17,35888.168853759766,37204.223107231985,down,1
2021-01-21,34572.11460028755,35888.168853759766,down,2
2021-01-21,33256.06034681533,34572.11460028755,down,3
2021-01-21,31940.006093343105,33256.06034681533,down,4
2021-01-27,30623.951839870882,31940.006093343105,down,5
2021-01-28,31940.006093343105,33256.06034681533,up,1
2021-02-02,33256.06034681533,34572.11460028755,up,2
2021-02-03,34572.11460028755,35888.168853759766,up,3
2021-02-03,35888.168853759766,37204.223107231985,up,4
2021-02-06,37204.223107231985,38520.2773607042,up,5
2021-02-08,38520.2773607042,39836.33161417642,up,6
2021-02-08,39836.33161417642,41152.38586764864,up,7
2021-02-08,41152.38586764864,42468.44012112086,up,8
2021-02-08,42468.44012112086,43784.49437459308,up,9
2021-02-08,43784.49437459308,45100.5486280653,up,10
2021-02-09,45100.5486280653,46416.60288153752,up,11
2021-02-11,46416.60288153752,47732.65713500974,up,12
2021-02-16,47732.65713500974,49048.711388481956,up,13
2021-02-17,49048.711388481956,50364.765641954174,up,14
2021-02-17,50364.765641954174,51680.81989542639,up,15
2021-02-19,51680.81989542639,52996.87414889861,up,16
2021-02-19,52996.87414889861,54312.92840237083,up,17
2021-02-19,54312.92840237083,55628.98265584305,up,18
2021-02-21,55628.98265584305,56945.03690931527,up,19
2021-02-22,54312.92840237083,55628.98265584305,down,1
2021-02-23,52996.87414889861,54312.92840237083,down,2
2021-02-23,51680.81989542639,52996.87414889861,down,3
2021-02-23,50364.765641954174,51680.81989542639,down,4
2021-02-23,49048.711388481956,50364.765641954174,down,5
2021-02-25,47732.65713500974,49048.711388481956,down,6
2021-02-26,46416.60288153752,47732.65713500974,down,7
2021-03-01,47732.65713500974,49048.711388481956,up,1
2021-03-03,49048.711388481956,50364.765641954174,up,2
2021-03-08,50364.765641954174,51680.81989542639,up,3
2021-03-09,51680.81989542639,52996.87414889861,up,4
2021-03-09,52996.87414889861,54312.92840237083,up,5
2021-03-10,54312.92840237083,55628.98265584305,up,6
2021-03-11,55628.98265584305,56945.03690931527,up,7
2021-03-13,56945.03690931527,58261.09116278749,up,8
2021-03-13,58261.09116278749,59577.14541625971,up,9
2021-03-13,59577.14541625971,60893.19966973193,up,10
2021-03-15,58261.09116278749,59577.14541625971,down,1
2021-03-15,56945.03690931527,58261.09116278749,down,2
2021-03-22,55628.98265584305,56945.03690931527,down,3
2021-03-24,54312.92840237083,55628.98265584305,down,4
2021-03-24,52996.87414889861,54312.92840237083,down,5
2021-03-27,54312.92840237083,55628.98265584305,up,1
2021-03-29,55628.98265584305,56945.03690931527,up,2
2021-03-30,56945.03690931527,58261.09116278749,up,3
2021-04-10,58261.09116278749,59577.14541625971,up,4
2021-04-13,59577.14541625971,60893.19966973193,up,5
2021-04-13,60893.19966973193,62209.253923204145,up,6
2021-04-18,59577.14541625971,60893.19966973193,down,1
2021-04-18,58261.09116278749,59577.14541625971,down,2
2021-04-18,56945.03690931527,58261.09116278749,down,3
2021-04-21,55628.98265584305,56945.03690931527,down,4
2021-04-21,54312.92840237083,55628.98265584305,down,5
2021-04-22,52996.87414889861,54312.92840237083,down,6
2021-04-23,51680.81989542639,52996.87414889861,down,7
2021-04-24,50364.765641954174,51680.81989542639,down,8
2021-04-25,49048.711388481956,50364.765641954174,down,9
2021-04-26,50364.765641954174,51680.81989542639,up,1
2021-04-26,51680.81989542639,52996.87414889861,up,2
2021-04-27,52996.87414889861,54312.92840237083,up,3
2021-04-30,54312.92840237083,55628.98265584305,up,4
2021-04-30,55628.98265584305,56945.03690931527,up,5
2021-05-04,54312.92840237083,55628.98265584305,down,1
2021-05-05,55628.98265584305,56945.03690931527,up,5
2021-05-08,56945.03690931527,58261.09116278749,up,6
2021-05-12,55628.98265584305,56945.03690931527,down,1
2021-05-12,54312.92840237083,55628.98265584305,down,2
2021-05-12,52996.87414889861,54312.92840237083,down,3
2021-05-12,51680.81989542639,52996.87414889861,down,4
2021-05-12,50364.765641954174,51680.81989542639,down,5
2021-05-15,49048.711388481956,50364.765641954174,down,6
2021-05-15,47732.65713500974,49048.711388481956,down,7
2021-05-17,46416.60288153752,47732.65713500974,down,8
2021-05-17,45100.5486280653,46416.60288153752,down,9
2021-05-17,43784.49437459308,45100.5486280653,down,10
2021-05-19,42468.44012112086,43784.49437459308,down,11
2021-05-19,41152.38586764864,42468.44012112086,down,12
2021-05-19,39836.33161417642,41152.38586764864,down,13
2021-05-19,38520.2773607042,39836.33161417642,down,14
2021-05-19,37204.223107231985,38520.2773607042,down,15
2021-05-20,38520.2773607042,39836.33161417642,up,1
2021-05-23,37204.223107231985,38520.2773607042,down,15
2021-05-23,35888.168853759766,37204.223107231985,down,16
2021-05-24,37204.223107231985,38520.2773607042,up,1
2021-05-28,35888.168853759766,37204.223107231985,down,16
2021-06-03,37204.223107231985,38520.2773607042,up,1
2021-06-05,35888.168853759766,37204.223107231985,down,16
2021-06-07,34572.11460028755,35888.168853759766,down,17
2021-06-09,35888.168853759766,37204.223107231985,up,1
2021-06-13,37204.223107231985,38520.2773607042,up,2
2021-06-14,38520.2773607042,39836.33161417642,up,3
2021-06-18,37204.223107231985,38520.2773607042,down,1
2021-06-18,35888.168853759766,37204.223107231985,down,2
2021-06-21,34572.11460028755,35888.168853759766,down,3
2021-06-21,33256.06034681533,34572.11460028755,down,4
2021-06-21,31940.006093343105,33256.06034681533,down,5
2021-06-24,33256.06034681533,34572.11460028755,up,1
2021-06-25,31940.006093343105,33256.06034681533,down,5
2021-06-27,33256.06034681533,34572.11460028755,up,1
2021-07-15,31940.006093343105,33256.06034681533,down,5
2021-07-20,30623.951839870882,31940.006093343105,down,6
2021-07-23,31940.006093343105,33256.06034681533,up,1
2021-07-25,33256.06034681533,34572.11460028755,up,2
2021-07-26,34572.11460028755,35888.168853759766,up,3
2021-07-26,35888.168853759766,37204.223107231985,up,4
2021-07-27,37204.223107231985,38520.2773607042,up,5
2021-07-28,38520.2773607042,39836.33161417642,up,6
2021-07-30,39836.33161417642,41152.38586764864,up,7
2021-08-03,38520.2773607042,39836.33161417642,down,1
2021-08-06,39836.33161417642,41152.38586764864,up,7
2021-08-06,41152.38586764864,42468.44012112086,up,8
2021-08-07,42468.44012112086,43784.49437459308,up,9
2021-08-09,43784.49437459308,45100.5486280653,up,10
2021-08-13,45100.5486280653,46416.60288153752,up,11
2021-08-13,46416.60288153752,47732.65713500974,up,12
2021-08-17,45100.5486280653,46416.60288153752,down,1
2021-08-20,46416.60288153752,47732.65713500974,up,12
2021-08-20,47732.65713500974,49048.711388481956,up,13
2021-09-05,49048.711388481956,50364.765641954174,up,14
2021-09-05,50364.765641954174,51680.81989542639,up,15
2021-09-07,49048.711388481956,50364.765641954174,down,1
2021-09-07,47732.65713500974,49048.711388481956,down,2
2021-09-08,46416.60288153752,47732.65713500974,down,3
2021-09-10,45100.5486280653,46416.60288153752,down,4
2021-09-15,46416.60288153752,47732.65713500974,up,1
2021-09-20,45100.5486280653,46416.60288153752,down,4
2021-09-20,43784.49437459308,45100.5486280653,down,5
2021-09-21,42468.44012112086,43784.49437459308,down,6
2021-09-21,41152.38586764864,42468.44012112086,down,7
2021-09-23,42468.44012112086,43784.49437459308,up,1
2021-09-28,41152.38586764864,42468.44012112086,down,7
2021-09-30,42468.44012112086,43784.49437459308,up,1
2021-10-01,43784.49437459308,45100.5486280653,up,2
2021-10-01,45100.5486280653,46416.60288153752,up,3
2021-10-01,46416.60288153752,47732.65713500974,up,4
2021-10-04,47732.65713500974,49048.711388481956,up,5
2021-10-05,49048.711388481956,50364.765641954174,up,6
2021-10-06,50364.765641954174,51680.81989542639,up,7
2021-10-06,51680.81989542639,52996.87414889861,up,8
2021-10-06,52996.87414889861,54312.92840237083,up,9
2021-10-11,54312.92840237083,55628.98265584305,up,10
2021-10-11,55628.98265584305,56945.03690931527,up,11
2021-10-15,56945.03690931527,58261.09116278749,up,12
2021-10-15,58261.09116278749,59577.14541625971,up,13
2021-10-15,59577.14541625971,60893.19966973193,up,14
2021-10-19,60893.19966973193,62209.253923204145,up,15
2021-10-19,62209.253923204145,63525.308176676364,up,16
2021-10-20,63525.308176676364,64841.36243014858,up,17
2021-10-22,62209.253923204145,63525.308176676364,down,1
2021-10-22,60893.19966973193,62209.253923204145,down,2
2021-10-27,59577.14541625971,60893.19966973193,down,3
2021-10-29,60893.19966973193,62209.253923204145,up,1
2021-11-08,62209.253923204145,63525.308176676364,up,2
2021-11-08,63525.308176676364,64841.36243014858,up,3
2021-11-08,64841.36243014858,66157.4166836208,up,4
2021-11-08,66157.4166836208,67473.47093709302,up,5
2021-11-12,64841.36243014858,66157.4166836208,down,1
2021-11-16,63525.308176676364,64841.36243014858,down,2
2021-11-16,62209.253923204145,63525.308176676364,down,3
2021-11-16,60893.19966973193,62209.253923204145,down,4
2021-11-18,59577.14541625971,60893.19966973193,down,5
2021-11-18,58261.09116278749,59577.14541625971,down,6
2021-11-18,56945.03690931527,58261.09116278749,down,7
2021-11-20,58261.09116278749,59577.14541625971,up,1
2021-11-22,56945.03690931527,58261.09116278749,down,7
2021-11-26,55628.98265584305,56945.03690931527,down,8
2021-11-26,54312.92840237083,55628.98265584305,down,9
2021-11-28,55628.98265584305,56945.03690931527,up,1
2021-12-03,54312.92840237083,55628.98265584305,down,9
2021-12-04,52996.87414889861,54312.92840237083,down,10
2021-12-04,51680.81989542639,52996.87414889861,down,11
2021-12-04,50364.765641954174,51680.81989542639,down,12
2021-12-09,49048.711388481956,50364.765641954174,down,13
2021-12-09,47732.65713500974,49048.711388481956,down,14
2021-12-17,46416.60288153752,47732.65713500974,down,15
2021-12-23,47732.65713500974,49048.711388481956,up,1
2021-12-23,49048.711388481956,50364.765641954174,up,2
2021-12-28,47732.65713500974,49048.711388481956,down,14
2021-12-31,46416.60288153752,47732.65713500974,down,15
2022-01-05,45100.5486280653,46416.60288153752,down,16
2022-01-05,43784.49437459308,45100.5486280653,down,17
2022-01-07,42468.44012112086,43784.49437459308,down,18
2022-01-20,41152.38586764864,42468.44012112086,down,19
2022-01-21,39836.33161417642,41152.38586764864,down,20
2022-01-21,38520.2773607042,39836.33161417642,down,21
2022-01-21,37204.223107231985,38520.2773607042,down,22
2022-01-22,35888.168853759766,37204.223107231985,down,23
2022-02-01,37204.223107231985,38520.2773607042,up,1
2022-02-04,38520.2773607042,39836.33161417642,up,2
2022-02-04,39836.33161417642,41152.38586764864,up,3
2022-02-07,41152.38586764864,42468.44012112086,up,4
2022-02-07,42468.44012112086,43784.49437459308,up,5
2022-02-17,41152.38586764864,42468.44012112086,down,1
2022-02-20,39836.33161417642,41152.38586764864,down,2
2022-02-20,38520.2773607042,39836.33161417642,down,3
2022-02-21,37204.223107231985,38520.2773607042,down,4
2022-02-28,38520.2773607042,39836.33161417642,up,1
2022-02-28,39836.33161417642,41152.38586764864,up,2
2022-02-28,41152.38586764864,42468.44012112086,up,3
2022-03-01,42468.44012112086,43784.49437459308,up,4
2022-03-04,41152.38586764864,42468.44012112086,down,1
2022-03-04,39836.33161417642,41152.38586764864,down,2
2022-03-06,38520.2773607042,39836.33161417642,down,3
2022-03-09,39836.33161417642,41152.38586764864,up,1
2022-03-13,38520.2773607042,39836.33161417642,down,1
2022-03-18,39836.33161417642,41152.38586764864,up,1
2022-03-23,41152.38586764864,42468.44012112086,up,2
2022-03-24,42468.44012112086,43784.49437459308,up,3
2022-03-27,43784.49437459308,45100.5486280653,up,4
2022-03-27,45100.5486280653,46416.60288153752,up,5
2022-04-06,43784.49437459308,45100.5486280653,down,1
2022-04-08,42468.44012112086,43784.49437459308,down,2
2022-04-11,41152.38586764864,42468.44012112086,down,3
2022-04-11,39836.33161417642,41152.38586764864,down,4
2022-04-26,38520.2773607042,39836.33161417642,down,5
2022-05-05,37204.223107231985,38520.2773607042,down,6
2022-05-07,35888.168853759766,37204.223107231985,down,7
2022-05-08,34572.11460028755,35888.168853759766,down,8
2022-05-09,33256.06034681533,34572.11460028755,down,9
2022-05-09,31940.006093343105,33256.06034681533,down,10
2022-05-09,30623.951839870882,31940.006093343105,down,11
2022-05-11,29307.89758639866,30623.951839870882,down,12
2022-06-12,27991.843332926437,29307.89758639866,down,13
2022-06-13,26675.789079454215,27991.843332926437,down,14
2022-06-13,25359.734825981992,26675.789079454215,down,15
2022-06-13,24043.68057250977,25359.734825981992,down,16
2022-06-13,22727.626319037547,24043.68057250977,down,17
2022-06-16,21411.572065565324,22727.626319037547,down,18
2022-06-18,20095.5178120931,21411.572065565324,down,19
2022-07-19,21411.572065565324,22727.626319037547,up,1
2022-08-12,22727.626319037547,24043.68057250977,up,2
2022-08-19,21411.572065565324,22727.626319037547,down,18
2022-08-27,20095.5178120931,21411.572065565324,down,19
2022-09-21,18779.46355862088,20095.5178120931,down,20
2022-11-09,17463.409305148656,18779.46355862088,down,21
2022-11-09,16147.355051676434,17463.409305148656,down,22
2023-01-12,17463.409305148656,18779.46355862088,up,1
2023-01-14,18779.46355862088,20095.5178120931,up,2
2023-01-20,20095.5178120931,21411.572065565324,up,3
2023-01-21,21411.572065565324,22727.626319037547,up,4
2023-02-15,22727.626319037547,24043.68057250977,up,5
2023-03-09,21411.572065565324,22727.626319037547,down,1
2023-03-13,22727.626319037547,24043.68057250977,up,5
2023-03-17,24043.68057250977,25359.734825981992,up,6
2023-03-17,25359.734825981992,26675.789079454215,up,7
2023-03-19,26675.789079454215,27991.843332926437,up,8
2023-04-10,27991.843332926437,29307.89758639866,up,9
2023-05-24,26675.789079454215,27991.843332926437,down,1
2023-06-14,25359.734825981992,26675.789079454215,down,2
2023-06-20,26675.789079454215,27991.843332926437,up,1
2023-06-21,27991.843332926437,29307.89758639866,up,2
2023-06-23,29307.89758639866,30623.951839870882,up,3
2023-08-17,27991.843332926437,29307.89758639866,down,1
2023-08-17,26675.789079454215,27991.843332926437,down,2
2023-09-11,25359.734825981992,26675.789079454215,down,3
2023-10-16,26675.789079454215,27991.843332926437,up,1
2023-10-20,27991.843332926437,29307.89758639866,up,2
2023-10-23,29307.89758639866,30623.951839870882,up,3
2023-10-23,30623.951839870882,31940.006093343105,up,4
2023-10-24,31940.006093343105,33256.06034681533,up,5
2023-10-31,33256.06034681533,34572.11460028755,up,6
2023-11-09,34572.11460028755,35888.168853759766,up,7
2023-11-10,35888.168853759766,37204.223107231985,up,8
2023-12-01,37204.223107231985,38520.2773607042,up,9
2023-12-03,38520.2773607042,39836.33161417642,up,10
2023-12-04,39836.33161417642,41152.38586764864,up,11
2023-12-05,41152.38586764864,42468.44012112086,up,12
2023-12-05,42468.44012112086,43784.49437459308,up,13
2024-01-08,43784.49437459308,45100.5486280653,up,14
2024-01-08,45100.5486280653,46416.60288153752,up,15
2024-01-12,43784.49437459308,45100.5486280653,down,1
2024-01-14,42468.44012112086,43784.49437459308,down,2
2024-01-22,41152.38586764864,42468.44012112086,down,3
2024-01-22,39836.33161417642,41152.38586764864,down,4
2024-01-29,41152.38586764864,42468.44012112086,up,1
2024-02-07,42468.44012112086,43784.49437459308,up,2
2024-02-08,43784.49437459308,45100.5486280653,up,3
2024-02-09,45100.5486280653,46416.60288153752,up,4
2024-02-10,46416.60288153752,47732.65713500974,up,5
2024-02-12,47732.65713500974,49048.711388481956,up,6
2024-02-14,49048.711388481956,50364.765641954174,up,7
2024-02-14,50364.765641954174,51680.81989542639,up,8
2024-02-26,51680.81989542639,52996.87414889861,up,9
2024-02-26,52996.87414889861,54312.92840237083,up,10
2024-02-27,54312.92840237083,55628.98265584305,up,11
2024-02-27,55628.98265584305,56945.03690931527,up,12
2024-02-28,56945.03690931527,58261.09116278749,up,13
2024-02-28,58261.09116278749,59577.14541625971,up,14
2024-02-28,59577.14541625971,60893.19966973193,up,15
2024-02-28,60893.19966973193,62209.253923204145,up,16
2024-03-04,62209.253923204145,63525.308176676364,up,17
2024-03-04,63525.308176676364,64841.36243014858,up,18
2024-03-04,64841.36243014858,66157.4166836208,up,19
2024-03-04,66157.4166836208,67473.47093709302,up,20
2024-03-05,64841.36243014858,66157.4166836208,down,1
2024-03-08,66157.4166836208,67473.47093709302,up,20
2024-03-10,67473.47093709302,68789.52519056524,up,21
2024-03-11,68789.52519056524,70105.57944403746,up,22
2024-03-11,70105.57944403746,71421.63369750968,up,23
2024-03-13,71421.63369750968,72737.6879509819,up,24
2024-03-15,70105.57944403746,71421.63369750968,down,1
2024-03-16,68789.52519056524,70105.57944403746,down,2
2024-03-16,67473.47093709302,68789.52519056524,down,3
2024-03-16,66157.4166836208,67473.47093709302,down,4
2024-03-19,64841.36243014858,66157.4166836208,down,5
2024-03-19,63525.308176676364,64841.36243014858,down,6
2024-03-19,62209.253923204145,63525.308176676364,down,7
2024-03-20,63525.308176676364,64841.36243014858,up,1
2024-03-20,64841.36243014858,66157.4166836208,up,2
2024-03-20,66157.4166836208,67473.47093709302,up,3
2024-03-22,64841.36243014858,66157.4166836208,down,1
2024-03-25,66157.4166836208,67473.47093709302,up,1
2024-03-25,67473.47093709302,68789.52519056524,up,2
2024-03-28,68789.52519056524,70105.57944403746,up,3
2024-04-02,67473.47093709302,68789.52519056524,down,1
2024-04-02,66157.4166836208,67473.47093709302,down,2
2024-04-06,67473.47093709302,68789.52519056524,up,1
2024-04-08,68789.52519056524,70105.57944403746,up,2
2024-04-08,70105.57944403746,71421.63369750968,up,3
2024-04-12,68789.52519056524,70105.57944403746,down,1
2024-04-12,67473.47093709302,68789.52519056524,down,2
2024-04-13,66157.4166836208,67473.47093709302,down,3
2024-04-13,64841.36243014858,66157.4166836208,down,4
2024-04-15,63525.308176676364,64841.36243014858,down,5
2024-04-17,62209.253923204145,63525.308176676364,down,6
2024-04-20,63525.308176676364,64841.36243014858,up,1
2024-04-22,64841.36243014858,66157.4166836208,up,2
2024-04-27,63525.308176676364,64841.36243014858,down,1
2024-04-30,62209.253923204145,63525.308176676364,down,2
2024-04-30,60893.19966973193,62209.253923204145,down,3
2024-05-01,59577.14541625971,60893.19966973193,down,4
2024-05-01,58261.09116278749,59577.14541625971,down,5
2024-05-03,59577.14541625971,60893.19966973193,up,1
2024-05-03,60893.19966973193,62209.253923204145,up,2
2024-05-04,62209.253923204145,63525.308176676364,up,3
2024-05-10,60893.19966973193,62209.253923204145,down,1
2024-05-15,62209.253923204145,63525.308176676364,up,1
2024-05-15,63525.308176676364,64841.36243014858,up,2
2024-05-15,64841.36243014858,66157.4166836208,up,3
2024-05-20,66157.4166836208,67473.47093709302,up,4
2024-05-20,67473.47093709302,68789.52519056524,up,5
2024-05-20,68789.52519056524,70105.57944403746,up,6
2024-05-20,70105.57944403746,71421.63369750968,up,7
2024-05-23,68789.52519056524,70105.57944403746,down,1
2024-06-11,67473.47093709302,68789.52519056524,down,2
2024-06-14,66157.4166836208,67473.47093709302,down,3
2024-06-20,64841.36243014858,66157.4166836208,down,4
2024-06-23,63525.308176676364,64841.36243014858,down,5
2024-06-24,62209.253923204145,63525.308176676364,down,6
2024-06-24,60893.19966973193,62209.253923204145,down,7
2024-07-04,59577.14541625971,60893.19966973193,down,8
2024-07-04,58261.09116278749,59577.14541625971,down,9
2024-07-05,56945.03690931527,58261.09116278749,down,10
2024-07-14,58261.09116278749,59577.14541625971,up,1
2024-07-15,59577.14541625971,60893.19966973193,up,2
2024-07-15,60893.19966973193,62209.253923204145,up,3
2024-07-15,62209.253923204145,63525.308176676364,up,4
2024-07-15,63525.308176676364,64841.36243014858,up,5
2024-07-19,64841.36243014858,66157.4166836208,up,6
2024-07-21,66157.4166836208,67473.47093709302,up,7
2024-07-31,64841.36243014858,66157.4166836208,down,1
2024-08-02,63525.308176676364,64841.36243014858,down,2
2024-08-02,62209.253923204145,63525.308176676364,down,3
2024-08-03,60893.19966973193,62209.253923204145,down,4
2024-08-04,59577.14541625971,60893.19966973193,down,5
2024-08-04,58261.09116278749,59577.14541625971,down,6
2024-08-05,56945.03690931527,58261.09116278749,down,7
2024-08-05,55628.98265584305,56945.03690931527,down,8
2024-08-05,54312.92840237083,55628.98265584305,down,9
2024-08-08,55628.98265584305,56945.03690931527,up,1
2024-08-08,56945.03690931527,58261.09116278749,up,2
2024-08-08,58261.09116278749,59577.14541625971,up,3
2024-08-08,59577.14541625971,60893.19966973193,up,4
2024-08-15,58261.09116278749,59577.14541625971,down,1
2024-08-21,59577.14541625971,60893.19966973193,up,4
2024-08-23,60893.19966973193,62209.253923204145,up,5
2024-08-23,62209.253923204145,63525.308176676364,up,6
2024-08-27,60893.19966973193,62209.253923204145,down,1
2024-08-27,59577.14541625971,60893.19966973193,down,2
2024-09-01,58261.09116278749,59577.14541625971,down,3
2024-09-05,56945.03690931527,58261.09116278749,down,4
2024-09-06,55628.98265584305,56945.03690931527,down,5
2024-09-06,54312.92840237083,55628.98265584305,down,6
2024-09-09,55628.98265584305,56945.03690931527,up,1
2024-09-13,56945.03690931527,58261.09116278749,up,2
2024-09-13,58261.09116278749,59577.14541625971,up,3
2024-09-18,59577.14541625971,60893.19966973193,up,4
2024-09-19,60893.19966973193,62209.253923204145,up,5
2024-09-22,62209.253923204145,63525.308176676364,up,6
2024-09-26,63525.308176676364,64841.36243014858,up,7
2024-10-01,62209.253923204145,63525.308176676364,down,1
2024-10-01,60893.19966973193,62209.253923204145,down,2
2024-10-14,62209.253923204145,63525.308176676364,up,1
2024-10-14,63525.308176676364,64841.36243014858,up,2
2024-10-15,64841.36243014858,66157.4166836208,up,3
2024-10-16,66157.4166836208,67473.47093709302,up,4
2024-10-20,67473.47093709302,68789.52519056524,up,5
2024-10-29,68789.52519056524,70105.57944403746,up,6
2024-10-29,70105.57944403746,71421.63369750968,up,7
2024-11-03,68789.52519056524,70105.57944403746,down,1
2024-11-06,70105.57944403746,71421.63369750968,up,7
2024-11-06,71421.63369750968,72737.6879509819,up,8
2024-11-06,72737.6879509819,74053.74220445412,up,9
2024-11-06,74053.74220445412,75369.79645792634,up,10
2024-11-09,75369.79645792634,76685.85071139855,up,11
2024-11-10,76685.85071139855,78001.90496487077,up,12
2024-11-10,78001.90496487077,79317.95921834299,up,13
2024-11-11,79317.95921834299,80634.01347181521,up,14
2024-11-11,80634.01347181521,81950.06772528743,up,15
2024-11-11,81950.06772528743,83266.12197875965,up,16
2024-11-11,83266.12197875965,84582.17623223187,up,17
2024-11-11,84582.17623223187,85898.23048570409,up,18
2024-11-11,85898.23048570409,87214.2847391763,up,19
2024-11-11,87214.2847391763,88530.33899264853,up,20
2024-11-13,88530.33899264853,89846.39324612074,up,21
2024-11-19,89846.39324612074,91162.44749959296,up,22
2024-11-20,91162.44749959296,92478.50175306518,up,23
2024-11-20,92478.50175306518,93794.5560065374,up,24
2024-11-21,93794.5560065374,95110.61026000962,up,25
2024-11-21,95110.61026000962,96426.66451348184,up,26
2024-11-21,96426.66451348184,97742.71876695406,up,27
2024-11-25,95110.61026000962,96426.66451348184,down,1
2024-11-25,93794.5560065374,95110.61026000962,down,2
2024-11-26,92478.50175306518,93794.5560065374,down,3
2024-11-27,93794.5560065374,95110.61026000962,up,1
2024-11-29,95110.61026000962,96426.66451348184,up,2
2024-12-04,96426.66451348184,97742.71876695406,up,3
2024-12-06,97742.71876695406,99058.77302042628,up,4
2024-12-08,99058.77302042628,100374.8272738985,up,5
2024-12-09,97742.71876695406,99058.77302042628,down,1
2024-12-11,99058.77302042628,100374.8272738985,up,5
2024-12-15,100374.8272738985,101690.88152737072,up,6
2024-12-15,101690.88152737072,103006.93578084293,up,7
2024-12-16,103006.93578084293,104322.99003431515,up,8
2024-12-16,104322.99003431515,105639.04428778737,up,9
2024-12-18,103006.93578084293,104322.99003431515,down,1
2024-12-18,101690.88152737072,103006.93578084293,down,2
2024-12-18,100374.8272738985,101690.88152737072,down,3
2024-12-19,99058.77302042628,100374.8272738985,down,4
2024-12-19,97742.71876695406,99058.77302042628,down,5
2024-12-22,96426.66451348184,97742.71876695406,down,6
2024-12-22,95110.61026000962,96426.66451348184,down,7
2024-12-24,96426.66451348184,97742.71876695406,up,1
2024-12-25,97742.71876695406,99058.77302042628,up,2
2024-12-26,96426.66451348184,97742.71876695406,down,1
2024-12-27,95110.61026000962,96426.66451348184,down,2
2024-12-29,93794.5560065374,95110.61026000962,down,3
2025-01-02,95110.61026000962,96426.66451348184,up,1
2025-01-03,96426.66451348184,97742.71876695406,up,2
2025-01-06,97742.71876695406,99058.77302042628,up,3
2025-01-06,99058.77302042628,100374.8272738985,up,4
2025-01-06,100374.8272738985,101690.88152737072,up,5
2025-01-07,99058.77302042628,100374.8272738985,down,1
2025-01-07,97742.71876695406,99058.77302042628,down,2
2025-01-08,96426.66451348184,97742.71876695406,down,3
2025-01-08,95110.61026000962,96426.66451348184,down,4
2025-01-09,93794.5560065374,95110.61026000962,down,5
2025-01-14,95110.61026000962,96426.66451348184,up,1
2025-01-15,96426.66451348184,97742.71876695406,up,2
2025-01-15,97742.71876695406,99058.77302042628,up,3
2025-01-15,99058.77302042628,100374.8272738985,up,4
2025-01-17,100374.8272738985,101690.88152737072,up,5
2025-01-17,101690.88152737072,103006.93578084293,up,6
2025-01-17,103006.93578084293,104322.99003431515,up,7
2025-01-19,101690.88152737072,103006.93578084293,down,1
2025-01-21,103006.93578084293,104322.99003431515,up,7
2025-01-21,104322.99003431515,105639.04428778737,up,8
2025-01-26,103006.93578084293,104322.99003431515,down,1
2025-01-28,101690.88152737072,103006.93578084293,down,2
2025-01-30,103006.93578084293,104322.99003431515,up,1
2025-02-01,101690.88152737072,103006.93578084293,down,1
2025-02-02,100374.8272738985,101690.88152737072,down,2
2025-02-02,99058.77302042628,100374.8272738985,down,3
2025-02-02,97742.71876695406,99058.77302042628,down,4
2025-02-03,99058.77302042628,100374.8272738985,up,1
2025-02-05,97742.71876695406,99058.77302042628,down,4
2025-02-11,96426.66451348184,97742.71876695406,down,5
2025-02-24,95110.61026000962,96426.66451348184,down,6
2025-02-24,93794.5560065374,95110.61026000962,down,7
2025-02-24,92478.50175306518,93794.5560065374,down,8
2025-02-25,91162.44749959296,92478.50175306518,down,9
2025-02-25,89846.39324612074,91162.44749959296,down,10
2025-02-26,88530.33899264853,89846.39324612074,down,11
2025-02-26,87214.2847391763,88530.33899264853,down,12
2025-02-26,85898.23048570409,87214.2847391763,down,13
2025-02-26,84582.17623223187,85898.23048570409,down,14
2025-03-02,85898.23048570409,87214.2847391763,up,1
2025-03-02,87214.2847391763,88530.33899264853,up,2
2025-03-02,88530.33899264853,89846.39324612074,up,3
2025-03-02,89846.39324612074,91162.44749959296,up,4
2025-03-02,91162.44749959296,92478.50175306518,up,5
2025-03-02,92478.50175306518,93794.5560065374,up,6
2025-03-03,91162.44749959296,92478.50175306518,down,1
2025-03-03,89846.39324612074,91162.44749959296,down,2
2025-03-03,88530.33899264853,89846.39324612074,down,3
2025-03-03,87214.2847391763,88530.33899264853,down,4
2025-03-05,88530.33899264853,89846.39324612074,up,1
2025-03-07,87214.2847391763,88530.33899264853,down,4
2025-03-09,85898.23048570409,87214.2847391763,down,5
2025-03-09,84582.17623223187,85898.23048570409,down,6
2025-03-09,83266.12197875965,84582.17623223187,down,7
2025-03-09,81950.06772528743,83266.12197875965,down,8
2025-03-09,80634.01347181521,81950.06772528743,down,9
2025-03-10,79317.95921834299,80634.01347181521,down,10
2025-03-11,80634.01347181521,81950.06772528743,up,1
2025-03-12,81950.06772528743,83266.12197875965,up,2
2025-03-19,83266.12197875965,84582.17623223187,up,3
2025-03-19,84582.17623223187,85898.23048570409,up,4
2025-03-24,85898.23048570409,87214.2847391763,up,5
2025-03-28,84582.17623223187,85898.23048570409,down,1
2025-03-29,83266.12197875965,84582.17623223187,down,2
2025-04-06,81950.06772528743,83266.12197875965,down,3
2025-04-06,80634.01347181521,81950.06772528743,down,4
2025-04-06,79317.95921834299,80634.01347181521,down,5
2025-04-08,78001.90496487077,79317.95921834299,down,6
2025-04-08,76685.85071139855,78001.90496487077,down,7
2025-04-09,78001.90496487077,79317.95921834299,up,1
2025-04-09,79317.95921834299,80634.01347181521,up,2
2025-04-09,80634.01347181521,81950.06772528743,up,3
2025-04-11,81950.06772528743,83266.12197875965,up,4
2025-04-12,83266.12197875965,84582.17623223187,up,5
2025-04-21,84582.17623223187,85898.23048570409,up,6
2025-04-21,85898.23048570409,87214.2847391763,up,7
2025-04-22,87214.2847391763,88530.33899264853,up,8
2025-04-22,88530.33899264853,89846.39324612074,up,9
2025-04-22,89846.39324612074,91162.44749959296,up,10
2025-04-22,91162.44749959296,92478.50175306518,up,11
2025-04-24,92478.50175306518,93794.5560065374,up,12
2025-05-01,93794.5560065374,95110.61026000962,up,13
2025-05-01,95110.61026000962,96426.66451348184,up,14
2025-05-08,96426.66451348184,97742.71876695406,up,15
2025-05-08,97742.71876695406,99058.77302042628,up,16
2025-05-08,99058.77302042628,100374.8272738985,up,17
2025-05-08,100374.8272738985,101690.88152737072,up,18
2025-05-08,101690.88152737072,103006.93578084293,up,19
2025-05-10,103006.93578084293,104322.99003431515,up,20
2025-05-18,104322.99003431515,105639.04428778737,up,21
2025-05-21,105639.04428778737,106955.09854125959,up,22
2025-05-21,106955.09854125959,108271.15279473181,up,23
2025-05-21,108271.15279473181,109587.20704820403,up,24
2025-05-22,109587.20704820403,110903.26130167625,up,25
2025-05-23,108271.15279473181,109587.20704820403,down,1
2025-05-29,106955.09854125959,108271.15279473181,down,2
2025-05-30,105639.04428778737,106955.09854125959,down,3
2025-05-30,104322.99003431515,105639.04428778737,down,4
2025-06-05,103006.93578084293,104322.99003431515,down,5
2025-06-05,101690.88152737072,103006.93578084293,down,6
2025-06-06,103006.93578084293,104322.99003431515,up,1
2025-06-08,104322.99003431515,105639.04428778737,up,2
2025-06-09,105639.04428778737,106955.09854125959,up,3
2025-06-09,106955.09854125959,108271.15279473181,up,4
2025-06-09,108271.15279473181,109587.20704820403,up,5
2025-06-12,106955.09854125959,108271.15279473181,down,1
2025-06-14,105639.04428778737,106955.09854125959,down,2
2025-06-20,104322.99003431515,105639.04428778737,down,3
2025-06-21,103006.93578084293,104322.99003431515,down,4
2025-06-22,101690.88152737072,103006.93578084293,down,5
2025-06-23,103006.93578084293,104322.99003431515,up,1
2025-06-24,104322.99003431515,105639.04428778737,up,2
2025-06-25,105639.04428778737,106955.09854125959,up,3
2025-06-29,106955.09854125959,108271.15279473181,up,4
2025-07-03,108271.15279473181,109587.20704820403,up,5
2025-07-09,109587.20704820403,110903.26130167625,up,6
2025-07-10,110903.26130167625,112219.31555514847,up,7
2025-07-10,112219.31555514847,113535.36980862069,up,8
2025-07-10,113535.36980862069,114851.4240620929,up,9
2025-07-11,114851.4240620929,116167.47831556512,up,10
