date,qty,vwap,buyer_capital_ratio,buyer_participation_ratio,buyer_volume_ratio,whale_impact
2025-01-01,10373.32613,94033.88864030619,0.5155743800238789,0.48833541260593083,0.0310553072334573,0.027238967417948068
2025-01-02,21970.48948,96420.78546359632,0.49670544894368185,0.5044844902564499,-0.006306175387040203,0.007779041312768076
2025-01-03,15253.82936,97458.20105272187,0.48956139850006125,0.49265387750406503,-0.02075632370913055,0.0030924790040037786
2025-01-04,8990.05651,98022.04809893461,0.4840140921519835,0.5004660310183067,-0.032085681517034274,0.01645193886632318
2025-01-05,8095.63723,98069.08256864079,0.47907815347981164,0.4853550156335364,-0.04197538999656983,0.006276862153724749
2025-01-06,25263.43375,100562.80210828995,0.4963245982321295,0.49819783678135987,-0.0072928752212869895,0.0018732385492303827
2025-01-07,32059.875369999998,98890.64206044779,0.46187422585175497,0.49162783597236237,-0.07578464613351366,0.0297536101206074
2025-01-08,33704.67894,95115.84687751849,0.4690773928064147,0.4860365315028906,-0.062216202199492,0.016959138696475917
2025-01-09,34544.83685,93144.74117267103,0.44374103071682447,0.48819319742744555,-0.11282680554909033,0.04445216671062108
2025-01-10,31482.86424,94085.63721214027,0.4961746119130506,0.4837601176112422,-0.0078769129171202,0.01241449430180841
2025-01-11,7047.9043,94451.62229756865,0.4842327762474469,0.4826455980553285,-0.03166201902032065,0.0015871781921184547
2025-01-12,8606.86622,94491.8636900104,0.46809501985726887,0.48296031679529894,-0.06392635669431838,0.01486529693803007
2025-01-13,42619.56423,92226.80253451894,0.45740037881596407,0.4850872580088044,-0.08615300171031337,0.027686879192840352
2025-01-14,27846.61753,96099.58794722421,0.5117486199757911,0.4988063993145262,0.023369976238546752,0.012942220661264936
2025-01-15,30509.991789999996,98533.04463595843,0.5081853130023756,0.4796867496477152,0.01567898389788453,0.02849856335466039
2025-01-16,27832.85317,99348.853089207,0.4854914836443767,0.4683780899899143,-0.02895064422890431,0.017113393654462405
2025-01-17,39171.852920000005,103160.65450689553,0.5274007585424074,0.47176379573784505,0.05551366396787752,0.05563696280456237
2025-01-18,24307.82998,103732.91739551345,0.4775571545139267,0.4531047890168026,-0.04495689252801003,0.024452365497124096
2025-01-19,43397.28298,104002.45502674211,0.4859438831572123,0.4771491221414589,-0.028533153574860064,0.008794761015753438
2025-01-20,89529.231732,104980.09289809813,0.5005383378004415,0.49516745952318936,0.00013210492004898345,0.005370878277252189
2025-01-21,45941.020019999996,103796.3949446611,0.5057875764893467,0.5129149873300813,0.011167248784999905,0.007127410840734649
2025-01-22,22248.69254,104776.70256207239,0.4719455467494479,0.5229639542304313,-0.0559811062048143,0.05101840748098341
2025-01-23,53953.12031,103993.25962787188,0.5015050590703534,0.5126314699248699,0.002571354709475173,0.011126410854516489
2025-01-24,23609.240169999997,105205.35843122596,0.5039019501108443,0.5035091477480399,0.00752590209259578,0.00039280236280436753
2025-01-25,9068.323769999999,104706.39948906476,0.4921319867573161,0.485700812925487,-0.015781859319299485,0.006431173831829118
2025-01-26,9812.51238,104392.4660476762,0.4733440432023049,0.4599221957285422,-0.05382591323670761,0.013421847473762683
2025-01-27,50758.134099999996,100336.35816469551,0.46369968052418137,0.4996372043279314,-0.07288852329975623,0.03593752380375004
2025-01-28,22022.057650000002,102350.89562742149,0.48862854055682353,0.5010461175940069,-0.023102420222753328,0.012417577037183325
2025-01-29,23155.35802,102800.55668826736,0.5043878600123324,0.4798941133194815,0.008420756000904169,0.02449374669285087
2025-01-30,19374.07472,105197.93244157785,0.5234908233986607,0.5178178355043451,0.04685550010101335,0.005672987894315584
2025-01-31,21983.18193,103814.543748136,0.4870294171523069,0.47891481436338385,-0.02676512307788564,0.008114602788923064
2025-02-01,12290.957470000001,101729.6033518233,0.45790225139334123,0.4756480450682289,-0.08454759139281282,0.017745793674887655
2025-02-02,34619.49939,98559.60868022326,0.45018702663296667,0.460822935438057,-0.09951518857014874,0.010635908805090355
2025-02-03,75164.7385,96169.95049762091,0.48942409176073565,0.48890361480027505,-0.022505228033221913,0.0005204769604605919
2025-02-04,40267.98697,99078.67128389832,0.47408522873744974,0.493484351126643,-0.05177373012346537,0.01939912238919328
2025-02-05,26233.30444,97675.1579157782,0.42083227898776276,0.5130676648113954,-0.1588896652167241,0.09223538582363267
2025-02-06,23515.20405,97344.3358752211,0.4790638639229475,0.4879552616934968,-0.042191556913153815,0.008891397770549314
2025-02-07,31794.220649999996,97740.79600450388,0.47982952073197327,0.516069168487464,-0.040746815726713015,0.03623964775549071
2025-02-08,10147.24294,96286.27926748575,0.438521091862557,0.4799947892134443,-0.12281063017497844,0.041473697350887295
2025-02-09,14120.916130000001,96275.27986109476,0.4720837710118983,0.5014342453662842,-0.056190308241707544,0.029350474354385925
2025-02-10,20572.875369999998,97172.22394609716,0.46704016278556715,0.4880643075975016,-0.06599120276496377,0.02102414481193443
2025-02-11,18647.763789999997,96876.75512894943,0.4607273734803915,0.5081303109897094,-0.07822720656630539,0.0474029375093179
2025-02-12,29151.16625,96055.92257889049,0.47427743920647064,0.5160480113412743,-0.05179055880826043,0.041770572134803674
2025-02-13,19921.77616,96225.7697805655,0.4443551329524922,0.5098980523121376,-0.11130793972338253,0.0655429193596454
2025-02-14,18173.02646,97291.07161983494,0.49880589798682834,0.5194824269537577,-0.0027729459433142277,0.02067652896692934
2025-02-15,7349.37683,97592.68171558595,0.4870338398325826,0.5103330112782243,-0.026001223562243186,0.023299171445641698
2025-02-16,8191.4249,97015.38523474387,0.4540644658785384,0.5033014947695279,-0.09179888104693482,0.04923702889098952
2025-02-17,16492.0451,96082.29401309775,0.4859158291493201,0.49156393477479987,-0.02857218720557594,0.0056481056254797934
2025-02-18,23368.194709999996,95171.87059128222,0.4893533168813063,0.4665706874042333,-0.021535569017860218,0.02278262947707299
2025-02-19,16438.50954,95922.17398215839,0.43669409331698966,0.4714539952769622,-0.12721794484538165,0.03475990195997253
2025-02-20,17057.39177,97517.0675071826,0.489998238566887,0.46150878120531735,-0.02019855055483674,0.02848945736156966
2025-02-21,32249.2814,97489.79763541225,0.4750047983830992,0.45366096024643787,-0.05029934465454483,0.021343838136661353
2025-02-22,11268.177080000001,96473.20290627136,0.46981293164691873,0.4851741017433408,-0.06049035750510226,0.015361170096422072
2025-02-23,10884.849129999999,95949.14907112031,0.42453597825846195,0.44622772010912826,-0.15112600738454152,0.021691741850666302
2025-02-24,31550.10299,94510.2967299498,0.458269894215251,0.46707512482192715,-0.0847171773368591,0.008805230606676151
2025-02-25,78333.11111,88889.3904791633,0.45727263727310224,0.5133306994896077,-0.08538925002745254,0.0560580622165055
2025-02-26,56893.544089999996,86098.16814870315,0.4935644452451456,0.5325824269146571,-0.0129922489769788,0.03901798166951148
2025-02-27,42505.45439,85135.87122300052,0.47882037509939457,0.5072127276081894,-0.04220670113391533,0.028392352508794794
2025-02-28,83648.03969,81373.15903536242,0.48103907278968827,0.5008074599425822,-0.03823561152004326,0.019768387152893974
2025-03-01,25785.05464,85088.18532612745,0.45583054856515864,0.5035779446638607,-0.08876612021792485,0.0477473960987021
2025-03-02,54889.09045,90592.6747013289,0.5335237854808502,0.5401823909548523,0.06665313890257771,0.0066586054740020995
2025-03-03,59171.10218,89927.74424388664,0.4723559707553291,0.5001370707481021,-0.05645034580966459,0.027781099992773006
2025-03-04,55609.10706,84606.66729487375,0.49630952643944304,0.5244093644868302,-0.007906533358386862,0.028099838047387138
2025-03-05,38264.01162999999,88862.70742294817,0.5028194750867798,0.5286473828743687,0.005136865729099154,0.025827907787588922
2025-03-06,34342.44902,90417.12856852628,0.5034953955556952,0.5036623150101145,0.00656735924303628,0.0001669194544192676
2025-03-07,57980.357130000004,87918.65174586167,0.4900236457309626,0.5096875623656608,-0.020550518295850355,0.019663916634698242
2025-03-08,12989.23054,86175.92591069722,0.4999125454999959,0.538727880550076,-0.0004695366658724622,0.03881533505008011
2025-03-09,26115.393449999996,83228.79242144749,0.46297460881394076,0.4928982424441208,-0.07381274242299424,0.029923633630180024
2025-03-10,47633.38404999999,80509.18540099371,0.4815234406169107,0.5005347330552369,-0.03854948890619486,0.019011292438326166
2025-03-11,48770.06853,80520.71578893048,0.4929844679014631,0.49773674661442785,-0.01459364629685093,0.0047522787129647415
2025-03-12,31933.985999999997,82626.73494080559,0.49340181409230244,0.49015251894090445,-0.013626609593929154,0.0032492951513979906
2025-03-13,27546.274120000002,82075.35078574864,0.4723603650704677,0.4814630693690288,-0.05517666067573419,0.009102704298561082
2025-03-14,26858.527550000003,83576.0482908964,0.5246990414158227,0.5098154444244234,0.048671551616760136,0.014883596991399295
2025-03-15,11324.733199999999,84191.44672068306,0.4589158493022773,0.5186369550339558,-0.0824876510115047,0.05972110573167849
2025-03-16,17596.125310000003,83430.67183446436,0.48365811387189883,0.48688179361815814,-0.03320156907884614,0.0032236797462593114
2025-03-17,17214.743580000002,83516.59769810371,0.4872346312873342,0.5008932729547598,-0.025499151814842257,0.013658641667425642
2025-03-18,17610.89883,82381.54505823858,0.45685331189939166,0.5014753527332488,-0.08610749994297709,0.04462204083385718
2025-03-19,28151.053740000003,84395.20466574769,0.49087975690848634,0.49404929212736914,-0.019273054749956945,0.003169535218882802
2025-03-20,22090.304630000002,85342.50444855235,0.46012149929517826,0.500262713310449,-0.07981417275729075,0.040141214015270765
2025-03-21,11956.97443,84062.69705939328,0.4571536268282309,0.5077116362041606,-0.08565170194145848,0.05055800937592969
2025-03-22,5420.22114,84172.84682994544,0.4214732314200102,0.44427003022622824,-0.15715919295499445,0.022796798806218044
2025-03-23,8461.97813,84931.95185673493,0.5231825240126612,0.5201382805111837,0.04580987140887354,0.0030442435014774727
2025-03-24,30115.62111,87554.75798824869,0.47734182945241305,0.4880281330388009,-0.0450168218363536,0.010686303586387835
2025-03-25,22643.25248,87424.34827535403,0.4169124655195075,0.5045145683892801,-0.16614780068909957,0.0876021028697726
2025-03-26,18408.78485,87263.06318835942,0.46663446687028903,0.4976203220463886,-0.06664371385708273,0.030985855176099586
2025-03-27,17098.03897,87025.69986643924,0.47872300118051314,0.5069671067055325,-0.0425738081002865,0.028244105525019325
2025-03-28,27182.73169,84978.45569780974,0.41495476048402435,0.5309087987491058,-0.17044118386763937,0.11595403826508144
2025-03-29,11696.39864,82948.60220212805,0.48053557503105826,0.49580944831652923,-0.03874602379318358,0.015273873285470974
2025-03-30,9864.49508,82780.19188071942,0.4790856776322532,0.5107594999745763,-0.042004479361552945,0.03167382234232308
2025-03-31,20569.13885,82454.06885767436,0.4822355181869395,0.5008029042785742,-0.036140315616567546,0.01856738609163472
2025-04-01,20190.39697,84143.74938243069,0.5075666335054381,0.5076938606233738,0.014980190357297295,0.0001272271179357798
2025-04-02,39931.456999999995,85578.63941280088,0.5202195046298427,0.48627318602130515,0.038763904357409264,0.03394631860853753
2025-04-03,27337.84135,82643.67679726816,0.5105296061101555,0.5221623097200573,0.020675168999764643,0.011632703609901762
2025-04-04,32915.53976,83238.57625923789,0.48317812642548946,0.49620937926757797,-0.03412261163539856,0.013031252842088503
2025-04-05,9360.40468,83289.83677032044,0.43053254370991084,0.4743233380929716,-0.1390016312841722,0.04379079438306077
2025-04-06,27942.714359999998,80131.26506987508,0.44726285541444166,0.491627058728482,-0.10575295305706293,0.04436420331404034
2025-04-07,78387.53089,77622.21816489018,0.4986963911992701,0.49948678162265336,-0.003008710790125118,0.000790390423383247
2025-04-08,35317.32063,78581.20966133043,0.4451340969570058,0.5030619013991381,-0.11064995702648239,0.0579278044421323
2025-04-09,75488.28772,79220.65047235246,0.5245623302100858,0.5059114468822355,0.04629819466780713,0.018650883327850254
2025-04-10,33284.80718,80826.49658443485,0.491201029407812,0.5058750934144599,-0.01817552905529554,0.014674064006647891
2025-04-11,34435.43797,82193.34824910757,0.523789628341975,0.494643079592246,0.0465720625187681,0.02914654874972894
2025-04-12,18470.74437,84317.29776176592,0.5160816707381503,0.5069014983232022,0.031547646284706944,0.009180172414948062
2025-04-13,24680.041810000002,84526.04705855866,0.47279623786467034,0.4896185115506403,-0.05521399195717155,0.016822273685969946
2025-04-14,28659.09348,84759.58274035151,0.5305662977522387,0.4985334775630482,0.06050732557923184,0.032032820189190514
2025-04-15,20910.995280000003,85169.18446722544,0.49966846537000653,0.4997868088078713,-0.0015433909083641673,0.0001183434378647652
2025-04-16,20867.24519,84050.86609330842,0.5011316509108599,0.5185396648421156,0.0022184437657437055,0.017408013931255684
2025-04-17,13728.84772,84614.48849009907,0.4680603812100836,0.48134251436928627,-0.06409980196065566,0.01328213315920268
2025-04-18,6529.96315,84632.71092846627,0.4459744223587851,0.467872368034152,-0.1081761127549396,0.021897945675366903
2025-04-19,9666.58153,85161.72441409588,0.5604108034173789,0.4899785883874565,0.12062384270812648,0.07043221502992242
2025-04-20,8091.677250000001,84686.23052060512,0.47498154612400306,0.4870092042409414,-0.0500157084243566,0.012027658116938345
2025-04-21,31773.372619999995,87283.7650769686,0.5418474187778642,0.5318178007131595,0.08369979957135566,0.010029618064704704
2025-04-22,43872.74704999999,90438.491567584,0.5198466010296108,0.5190695966773495,0.03835624626108305,0.0007770043522612458
2025-04-23,27404.16808,93426.66146528583,0.4792415635131443,0.48661444783022645,-0.041893357121753606,0.007372884317082162
2025-04-24,19497.060709999998,92891.95762650312,0.43938967435964826,0.5014143576335454,-0.12138743296758193,0.0620246832738971
2025-04-25,27500.66648,94429.62829750928,0.47524497947933564,0.47384048636364184,-0.04931603243093471,0.0014044931156937945
2025-04-26,9415.068749999999,94489.73613086414,0.4414849759402496,0.46810159737612156,-0.1171122080229101,0.026616621435871957
2025-04-27,11162.841,94271.23365697128,0.4704892803927816,0.4544078700421237,-0.059363617201033315,0.01608141035065791
2025-04-28,22157.53351,94438.89571963336,0.5250418067713516,0.5097116861425977,0.04946481653769581,0.01533012062875394
2025-04-29,16955.3402,94787.52915070072,0.4198030745746327,0.4717798651053089,-0.16100949835261935,0.05197679053067622
2025-04-30,17661.2751,94264.18316665739,0.47528843038801577,0.4808044057696143,-0.04953451520609636,0.005515975381598537
2025-05-01,21380.45343,96062.39741348961,0.5108227520582019,0.48489873931714494,0.022043158791885238,0.02592401274105699
2025-05-02,14905.74811,97035.56244947556,0.4991903909258861,0.5069561417845481,-0.001682403983680338,0.0077657508586619906
2025-05-03,9723.34838,96253.48268814676,0.4041765239808316,0.4648805195222982,-0.191758899005941,0.060703995541466604
2025-05-04,11036.383419999998,95460.83746455766,0.39730101923387084,0.46420369660469835,-0.20529494253471667,0.0669026773708275
2025-05-05,17251.18189,94312.34280354556,0.48696985382613667,0.4857774558761865,-0.026194424989626035,0.0011923979499501858
2025-05-06,16122.64513,94702.06360385654,0.46590924132832884,0.4798982076913282,-0.06889256949117015,0.013988966362999344
2025-05-07,16644.83854,96830.62534486166,0.4997304450142969,0.48770628600429816,-0.0006818401976519832,0.012024159009998758
2025-05-08,34962.028470000005,100355.89993228485,0.5304993915742949,0.48734930067176946,0.06099279141740247,0.04315009090252547
2025-05-09,27617.39907,103105.96015084896,0.52601120929978,0.5129145488842684,0.05188788945576832,0.013096660415511607
2025-05-10,15324.786110000001,103648.18582792049,0.5389717231307365,0.4927964019040822,0.0777618324618822,0.0461753212266543
2025-05-11,17987.12197,104151.28002895425,0.5043837281866355,0.5074337715020051,0.008716769156372175,0.0030500433153696216
2025-05-12,31272.77792,103679.59461987791,0.526611364033584,0.5143181714805979,0.05241677039990953,0.01229319255298611
2025-05-13,21253.42409,103383.06471690827,0.5036352836562958,0.4768079435544079,0.007459165606853374,0.02682734010188792
2025-05-14,16452.9081,103611.36578574889,0.48793302743433353,0.490064031685619,-0.024362953805108785,0.0021310042512854843
2025-05-15,17998.98604,102793.76129396695,0.47089618816632894,0.45439822470326563,-0.05826024408650528,0.016497963463063314
2025-05-16,15683.88024,103853.9154468925,0.48184846736216785,0.4575992403879359,-0.03657030092191008,0.02424922697423193
2025-05-17,11250.896219999999,103140.08237742132,0.47429422551913863,0.44600301253953034,-0.05161061915830204,0.028291212979608293
2025-05-18,21599.98726,104732.23640572361,0.5401407766895124,0.5057770957943194,0.08008388149391893,0.03436368089519304
2025-05-19,30260.035239999997,104108.4215404718,0.46993663444022515,0.5081734209507943,-0.06091920334458933,0.038236786510569165
2025-05-20,23705.48275,105844.81535899533,0.5210124660978784,0.4914787238184476,0.04199208936168997,0.02953374227943084
2025-05-21,45531.040345,107941.955138298,0.5199754886128393,0.5097809467616464,0.03936344154272804,0.01019454185119284
2025-05-22,31630.773129999998,110949.9543419291,0.5243249223792179,0.5153018113235682,0.04863468634413359,0.00902311105564968
2025-05-23,31737.72309,109324.30270915205,0.4512264561369952,0.5123914722600126,-0.0982770579085042,0.06116501612301739
2025-05-24,16782.53129,108443.64228054769,0.524013556218615,0.5107160501572314,0.04714924324148246,0.01329750606138358
2025-05-25,17710.046949999996,107530.28836131112,0.4446035754291711,0.5000926640534558,-0.11155886348454883,0.055489088624284644
2025-05-26,14649.115929999998,109602.40124933622,0.4984303973903016,0.5026363785262666,-0.003200887358941223,0.004205981135965042
2025-05-27,21276.65635,109397.06939052315,0.46853059808145153,0.4912238198328528,-0.06283275473403974,0.02269322175140126
2025-05-28,15633.788289999999,108043.98250636869,0.4400371772001533,0.49311892357382325,-0.12020384535986314,0.05308174637366997
2025-05-29,19834.70116,107318.93565409089,0.4769121317419886,0.4984243399738167,-0.04636893858803159,0.02151220823182809
2025-05-30,23706.497989999996,105164.35412111502,0.4669562292107357,0.4805679394331656,-0.06599553720081114,0.013611710222429907
2025-05-31,11289.35922,103991.80136169304,0.46761520958473285,0.48665770396371344,-0.06479160648056692,0.01904249437898059
2025-06-01,9709.70006,104657.04199626943,0.4779462404580411,0.4887264297120853,-0.044182483222864895,0.01078018925404417
2025-06-02,13453.988129999998,104727.6237626927,0.48273654772770686,0.4615999967974978,-0.0345383231730263,0.021136550930209053
2025-06-03,13259.52634,105772.5374675278,0.4721311081990124,0.47167521081087205,-0.0557393681379421,0.0004558973881403361
2025-06-04,14034.894820000001,105232.60069353893,0.49752155652114977,0.4861233240007316,-0.005343582617600322,0.011398232520418161
2025-06-05,22321.501539999997,103109.90451991542,0.4482459632804508,0.4806616716646124,-0.1035226575532606,0.03241570838416158
2025-06-06,15839.073849999999,103691.82065121664,0.4831857788119219,0.5058422257630769,-0.0333264605619602,0.02265644695115504
2025-06-07,8344.932060000001,105203.41863092687,0.47574539443313835,0.5011030350218967,-0.048519726354728426,0.025357640588758334
2025-06-08,8048.06305,105725.70370560126,0.5419032561911371,0.5104404572738068,0.08384405860239877,0.03146279891733028
2025-06-09,19975.374509999998,107878.92968626865,0.5321724190889816,0.4910442326802228,0.06369792112598553,0.041128186408758816
2025-06-10,17071.82839,109397.80482365622,0.46926624056838984,0.4819828728582749,-0.06169443283631787,0.012716632289885066
2025-06-11,13115.916379999999,109400.25829522943,0.4599305057151351,0.5200088938415771,-0.08035878008548263,0.060078388126442006
2025-06-12,17778.67218,107336.9965296719,0.4666017838730707,0.49207458876108057,-0.06728394606126321,0.025472804888009848
2025-06-13,26180.817339999998,104483.44126039308,0.4888755206370077,0.5010566563296585,-0.02266557351108274,0.01218113569265078
2025-06-14,8798.93969,105190.92604195433,0.4375702349044932,0.49019960887804775,-0.1252230119558872,0.05262937397355455
2025-06-15,7164.20047,105328.83481341224,0.46860593167997094,0.4926628100779157,-0.06298849842207169,0.024056878397944736
2025-06-16,14922.665400000002,107209.38906346612,0.4987124477702849,0.5009067947468725,-0.002544249233116172,0.0021943469765876022
2025-06-17,17866.33025,105403.48569338127,0.4526218375770226,0.5196257866618677,-0.09520838505713831,0.06700394908484503
2025-06-18,13968.641669999999,104618.83545203786,0.4765258902568363,0.5155848761738899,-0.046963205549820614,0.039058985917053646
2025-06-19,7678.60737,104628.68294332972,0.46660468689914125,0.48526493776356266,-0.06670645148509521,0.018660250864421413
2025-06-20,16419.06283,104415.94193055427,0.4337634837367129,0.4972694298944611,-0.13344988521491644,0.06350594615774818
2025-06-21,11154.21332,102636.53310968252,0.4151452676735686,0.48412393018800703,-0.16929380905905075,0.06897866251443846
2025-06-22,28746.41072,100628.0553069579,0.4571471126019424,0.49591676659229117,-0.08565769980760926,0.03876965399034876
2025-06-23,27666.506090000003,102512.64911508198,0.48504017401256555,0.5027103436405475,-0.03072678665078232,0.017670169627981902
2025-06-24,14651.69335,105342.8485422377,0.46754380426946346,0.48541154290207333,-0.06518360486980844,0.017867738632609875
2025-06-25,16701.155509999997,107150.99741899777,0.5137353974695426,0.4802274555253251,0.02701122504546992,0.03350794194421747
2025-06-26,10573.27279,107449.6040389781,0.47132679173354697,0.4716311319599868,-0.05741768344179839,0.0003043402264398254
2025-06-27,12232.440419999999,106963.14913340975,0.397617828866821,0.4766702003342158,-0.20501879705864948,0.0790523714673948
2025-06-28,3282.17352,107253.74160081382,0.4614472942844676,0.47303173862131775,-0.07718493201419775,0.01158444433685013
2025-06-29,6831.7364,107836.15567333197,0.5519867060523894,0.5341317296734309,0.10399720633249263,0.017854976378958498
2025-06-30,9754.12491,107688.50737888059,0.44408926267000104,0.4900802656915621,-0.1118872600125437,0.04599100302156106
2025-07-01,10505.624370000001,106365.21034233748,0.442576244061534,0.4841147992166053,-0.11496602081538154,0.041538555155071266
2025-07-02,17691.89592,108281.15960775389,0.5231833054848258,0.4923021481502085,0.04549906147085233,0.030881157334617326
2025-07-03,13047.08225,109561.58788976181,0.5337838454613418,0.49333150119270797,0.06719597939225072,0.040452344268633866
2025-07-04,11793.86615,108210.07254422379,0.40613312146819636,0.46754981237457044,-0.18808672930377446,0.06141669090637408
2025-07-05,3736.9757,108089.73207846859,0.4827010467513913,0.4879186501788682,-0.034681825734108974,0.005217603427476902
2025-07-06,6447.607,108681.14317625437,0.49773664884551333,0.5326307446098213,-0.00448057085365156,0.034894095764307964
2025-07-07,9405.37601,108538.80960934641,0.41697095945431883,0.5045144092072132,-0.1662380566537285,0.08754344975289441
2025-07-08,9216.020799999998,108518.94056487964,0.47462081539066026,0.48172516486347844,-0.05121988005929851,0.007104349472818183
2025-07-09,17282.286500000002,110058.04956392337,0.5170227154342271,0.4730889282468765,0.034088084351570014,0.04393378718735058
2025-07-10,24883.450664999997,113587.95524371554,0.5185912114463489,0.48560605661513406,0.03684457920820283,0.032985154831214836
2025-07-11,25873.521147999996,117476.15585991471,0.48309386446505104,0.471160084936225,-0.033534624338020215,0.011933779528826016
2025-07-12,8446.604370000001,117573.08735023541,0.4480908460210536,0.4415282855163259,-0.10388789998459466,0.006562560504727699
2025-07-13,9550.792947,118534.33147320972,0.49909544918607324,0.49407889434721197,-0.0018683614124002323,0.005016554838861265
2025-07-14,27269.348876999997,121005.68282582663,0.5168595398170985,0.49115914519962917,0.03409735308290543,0.02570039461746937
2025-07-15,32018.460829999996,117284.16507875192,0.4893347692486528,0.5213258933287503,-0.021358011980365386,0.03199112408009752
2025-07-16,17039.90851,118771.20012327385,0.49036775610937816,0.5037164171425631,-0.019247221298607703,0.013348661033184939
2025-07-17,15728.57651,118835.57001708378,0.4893543324769751,0.49062749549081447,-0.021376249133940258,0.0012731630138393957
2025-07-18,19924.66266,118815.33749742834,0.4493545853923692,0.488391707506962,-0.10147752233010701,0.03903712211459276
2025-07-19,6635.80306,118045.68209969896,0.44888786002002795,0.48972632351669604,-0.10232923639539111,0.04083846349666809
2025-07-20,12962.92889,117941.2999014054,0.5078653926675638,0.5013660821753351,0.015408441386582322,0.006499310492228738
2025-07-21,17107.33128,118123.8168530612,0.4924413508051628,0.501241062615783,-0.01488806382663331,0.008799711810620225
2025-07-22,20959.12973,118385.2953636883,0.5161212244832701,0.4987193803794751,0.03167022765501062,0.017401844103795028
2025-07-23,14558.750829999999,118288.10088143127,0.4856008500607281,0.5028937795873616,-0.02875087395118229,0.01729292952663347
2025-07-24,15806.890430000001,118504.12081345764,0.48399955394284355,0.48126220612221854,-0.03184754093345098,0.0027373478206250135
2025-07-25,38406.34873,116042.76204312054,0.44378996930118286,0.5156450170685377,-0.11250227561009812,0.07185504776735485
2025-07-26,6991.67206,117801.44616069282,0.4532262390857476,0.48419098854716514,-0.09381231762177362,0.03096474946141753
2025-07-27,9328.30919,118765.73981364763,0.5616669420299167,0.5022710669540125,0.12309818924430395,0.05939587507590427
2025-07-28,13961.747539999998,118601.35926054126,0.5176263961545231,0.4917296743656896,0.03495894325560913,0.02589672178883351
2025-07-29,15137.93445,118158.92647663342,0.5278538923636472,0.531548622319075,0.055485791193923426,0.0036947299554277446
2025-07-30,15586.73631,117580.54038850844,0.5007008530092576,0.5188044873030472,0.0013147312941229796,0.018103634293789583
2025-07-31,17010.007299999997,117746.57008537809,0.4890578788938768,0.5123353618007112,-0.02251468639875299,0.023277482906834346
2025-08-01,24487.102059999997,114765.25765545694,0.469205480494625,0.4990952524124399,-0.06177373117870703,0.02988977191781489
2025-08-02,11507.33428,113135.04115279097,0.43981409896215123,0.4805454459822488,-0.12055942290745725,0.040731347020097564
2025-08-03,7397.76046,113695.22421036244,0.5055894185253669,0.49718413760206753,0.01062566981250963,0.00840528092329934
2025-08-04,9667.67916,114809.23763537173,0.48781359718252076,0.46671783771613373,-0.024524204421364007,0.021095759466387032
2025-08-05,12042.79078,113915.60081114492,0.46693537117236056,0.466895281458878,-0.06621851318087904,4.008971348257173e-05
2025-08-06,9761.153180000001,114538.59111131355,0.49926552983098454,0.4730333086602517,-0.001706583196966011,0.026232221170732872
2025-08-07,13468.56263,116155.9953214493,0.5203660289534963,0.4979493845993664,0.04075508612755364,0.022416644354129878
2025-08-08,10045.312779999998,116691.21752565826,0.4563817603267057,0.4591080816912486,-0.0871552055345757,0.0027263213645429274
2025-08-09,9514.131440000001,116861.70290100301,0.5119707232831755,0.49188864309382574,0.023709666134274006,0.02008208018934976
2025-08-10,14322.770729999998,118287.08144599832,0.5601954758339247,0.5007045551160628,0.12037472096015327,0.059490920717861884
2025-08-11,26494.33429,120577.15795285489,0.4997917419313436,0.4947921833891425,-0.00028214975768693347,0.004999558542201132
2025-08-12,16720.10893,119183.5819926837,0.5541894795967628,0.5303149452433505,0.1082534998771686,0.023874534353412247
2025-08-13,23210.07102,121136.26649245204,0.5143176770886154,0.5102651167563604,0.0281113090708674,0.004052560332254984
2025-08-14,27980.947586000002,120050.55871621844,0.4789098234911023,0.5253218690760425,-0.042056854235658435,0.04641204558494022
2025-08-15,13623.33874,118004.06349472457,0.45085557942066723,0.4714713148390199,-0.09839765461194139,0.020615735418352654
2025-08-16,6393.68117,117572.23605386063,0.4684710610779296,0.45573390335316083,-0.06306599582912888,0.012737157724768744
2025-08-17,5898.641919999999,117930.39946113687,0.475539912768453,0.47658341846678265,-0.049024786369808976,0.001043505698329672
2025-08-18,17745.93954,115734.31098660092,0.43095866648778575,0.4442270222455981,-0.13808940318298865,0.013268355757812378
2025-08-19,18065.47424,114307.04051411976,0.47655610319930763,0.48600320492759136,-0.04686546440753716,0.009447101728283724
2025-08-20,15636.341939999998,113591.1182385395,0.46129615762229353,0.5114222060652954,-0.07784240359225605,0.05012604844300189
2025-08-21,10839.692350000001,113229.57783165891,0.49324854992818806,0.5212642849264861,-0.013536565915544568,0.02801573499829807
2025-08-22,23128.090369999998,114865.73598500631,0.5118929654277629,0.5223416018179925,0.024174233196754824,0.010448636390229638
2025-08-23,11329.36197,115525.0782418384,0.4487029977881821,0.4656863530885777,-0.10262375701991971,0.016983355300395575
2025-08-24,21175.984620000003,113868.83063334867,0.4403690873357672,0.4600074750204553,-0.11927900710762787,0.01963838768468812
2025-08-25,25182.79379,111408.23679162658,0.4525507078928694,0.5024205031051694,-0.0956061670550652,0.049869795212300005
2025-08-26,18452.43877,110198.83999322107,0.5347932135376481,0.5166936686782062,0.0690653623558942,0.018099544859441874
2025-08-27,13392.60875,111537.26320802374,0.4676650621598192,0.4841330343988872,-0.06488039531506515,0.01646797223906804
2025-08-28,11104.27744,112640.24054727885,0.46280087483977955,0.44681001364441303,-0.07432696674408744,0.015990861195366524
2025-08-29,22580.310449999997,109630.57828895042,0.4703393432197984,0.49871844953047706,-0.05968020559256749,0.028379106310678637
2025-08-30,10708.39159,108388.52529661296,0.5414627260849975,0.4994472162376687,0.08273549417331294,0.04201550984732877
2025-08-31,9489.51596,108731.24600881453,0.48207362336136944,0.49725346892691746,-0.03607083874908196,0.015179845565548022
2025-09-01,16053.602190000001,108543.65382658924,0.4692815728614358,0.48003432276293845,-0.0615201596695352,0.010752749901502656
